{"lr": 0.028868944455163, "wd": 0.005015308901580747, "n_layers": 3, "hidden_dim": 722}